<MissionPackageManifest version="2">
   <Configuration>
      <Parameter name="uid" value="38c5e12d-00aa-4811-b994-d7a7be6ae0b8"/>
      <Parameter name="name" value="20221028_192650.jpg"/>
      <Parameter name="onReceiveImport" value="true"/>
      <Parameter name="onReceiveDelete" value="true"/>
      <Parameter name="callsign" value="GOBO.28.192656"/>
   </Configuration>
   <Contents>
      <Content ignore="false" zipEntry="38c5e12d-00aa-4811-b994-d7a7be6ae0b8/38c5e12d-00aa-4811-b994-d7a7be6ae0b8.cot">
         <Parameter name="uid" value="38c5e12d-00aa-4811-b994-d7a7be6ae0b8"/>
      </Content>
      <Content ignore="false" zipEntry="6abe5ce2abd5707dfafe25231abb541e/20221028_192650.jpg">
         <Parameter name="uid" value="38c5e12d-00aa-4811-b994-d7a7be6ae0b8"/>
      </Content>
   </Contents>
</MissionPackageManifest>